<?xml version="1.0" encoding="utf-8"?>
<annotations>
  <version>1.1</version>
  <meta>
    <task>
      <id>2</id>
      <name>Jardins Pools Seg</name>
      <size>300</size>
      <mode>annotation</mode>
      <overlap>0</overlap>
      <bugtracker></bugtracker>
      <created>2026-02-07 21:16:38.291768+00:00</created>
      <updated>2026-02-08 04:38:19.360501+00:00</updated>
      <subset>default</subset>
      <start_frame>0</start_frame>
      <stop_frame>299</stop_frame>
      <frame_filter></frame_filter>
      <segments>
        <segment>
          <id>1</id>
          <start>0</start>
          <stop>299</stop>
          <url>http://localhost:8080/api/tasks/2/dataset/export/api/jobs/1</url>
        </segment>
      </segments>
      <owner>
        <username>admin</username>
        <email>admin@example.com</email>
      </owner>
      <assignee></assignee>
      <labels>
        <label>
          <name>pool</name>
          <color>#aa3c1d</color>
          <type>any</type>
          <attributes>
          </attributes>
        </label>
      </labels>
    </task>
    <dumped>2026-02-08 04:43:33.181244+00:00</dumped>
  </meta>
  <image id="0" name="r0000_c0000.png" width="256" height="256">
  </image>
  <image id="1" name="r0000_c0001.png" width="1024" height="1024">
  </image>
  <image id="2" name="r0000_c0002.png" width="1024" height="1024">
    <polygon label="pool" source="manual" occluded="0" points="493.19,530.02;516.54,519.24;530.92,556.96;509.36,567.74" z_order="0">
    </polygon>
    <polygon label="pool" source="manual" occluded="0" points="653.08,758.17;662.06,817.46;714.16,808.47;703.38,745.60" z_order="0">
    </polygon>
    <polygon label="pool" source="manual" occluded="0" points="764.46,517.44;800.39,512.05;802.19,537.20;771.65,542.59" z_order="0">
    </polygon>
  </image>
  <image id="3" name="r0000_c0003.png" width="1024" height="1024">
    <polygon label="pool" source="manual" occluded="0" points="494.99,228.21;541.69,368.33;568.64,361.15;532.71,215.63" z_order="0">
    </polygon>
    <polygon label="pool" source="manual" occluded="0" points="392.59,668.35;401.57,727.63;433.90,722.24;432.11,662.96" z_order="0">
    </polygon>
    <polygon label="pool" source="manual" occluded="0" points="588.40,925.25;600.98,975.55;570.44,984.53;554.27,939.62" z_order="0">
    </polygon>
    <polygon label="pool" source="manual" occluded="0" points="960.28,18.02;978.24,61.13;1003.39,52.15;990.82,12.63" z_order="0">
    </polygon>
  </image>
  <image id="4" name="r0000_c0004.png" width="1024" height="1024">
  </image>
  <image id="5" name="r0000_c0005.png" width="1024" height="1024">
  </image>
  <image id="6" name="r0000_c0006.png" width="1024" height="1024">
    <polygon label="pool" source="manual" occluded="0" points="719.55,828.23;681.82,849.79;706.97,905.48;751.88,903.69;744.70,869.55;723.14,853.39" z_order="0">
    </polygon>
  </image>
  <image id="7" name="r0000_c0007.png" width="1024" height="1024">
  </image>
  <image id="8" name="r0000_c0008.png" width="1024" height="1024">
    <polygon label="pool" source="manual" occluded="0" points="128.50,159.94;162.63,150.96;166.23,176.11;128.50,179.70" z_order="0">
    </polygon>
  </image>
  <image id="9" name="r0000_c0009.png" width="1024" height="1024">
    <polygon label="pool" source="manual" occluded="0" points="502.17,497.68;530.92,485.10;545.29,512.05;505.76,521.03" z_order="0">
    </polygon>
  </image>
  <image id="10" name="r0000_c0010.png" width="1024" height="1024">
  </image>
  <image id="11" name="r0000_c0011.png" width="1024" height="1024">
  </image>
  <image id="12" name="r0000_c0012.png" width="1024" height="1024">
  </image>
  <image id="13" name="r0000_c0013.png" width="1024" height="1024">
    <polygon label="pool" source="manual" occluded="0" points="261.44,28.80;272.22,91.67;302.76,84.49;290.19,23.41" z_order="0">
    </polygon>
  </image>
  <image id="14" name="r0000_c0014.png" width="1024" height="1024">
  </image>
  <image id="15" name="r0000_c0015.png" width="1024" height="1024">
  </image>
  <image id="16" name="r0000_c0016.png" width="1024" height="1024">
    <polygon label="pool" source="manual" occluded="0" points="335.10,598.28;367.43,655.77;338.69,679.13;302.76,612.66" z_order="0">
    </polygon>
    <polygon label="pool" source="manual" occluded="0" points="484.21,795.90;541.69,860.57;496.78,894.70;439.29,819.25" z_order="0">
    </polygon>
  </image>
  <image id="17" name="r0000_c0017.png" width="1024" height="1024">
    <polygon label="pool" source="manual" occluded="0" points="518.34,501.27;563.25,580.32;595.59,562.35;550.68,485.10" z_order="0">
    </polygon>
    <polygon label="pool" source="manual" occluded="0" points="782.42,862.37;735.72,896.50;753.68,918.06;803.98,883.93" z_order="0">
    </polygon>
    <polygon label="pool" source="manual" occluded="0" points="548.88,625.23;575.83,671.94;599.18,659.36;584.81,607.27" z_order="0">
    </polygon>
    <polygon label="pool" source="manual" occluded="0" points="615.35,876.74;561.46,905.48;575.83,939.62;622.54,916.26" z_order="0">
    </polygon>
    <polygon label="pool" source="manual" occluded="0" points="241.68,132.99;257.85,156.35;238.09,167.13;221.92,143.77" z_order="0">
    </polygon>
    <polygon label="pool" source="manual" occluded="0" points="414.14,194.07;462.65,271.32;441.09,292.88;410.55,255.15;424.92,237.19;403.36,204.85" z_order="0">
    </polygon>
  </image>
  <image id="18" name="r0000_c0018.png" width="1024" height="1024">
    <polygon label="pool" source="manual" occluded="0" points="579.42,382.71;575.83,458.16;534.51,456.36;539.90,380.91" z_order="0">
    </polygon>
    <polygon label="pool" source="manual" occluded="0" points="665.65,346.78;651.28,427.62;708.77,443.79;719.55,352.16" z_order="0">
    </polygon>
    <polygon label="pool" source="manual" occluded="0" points="462.65,458.16;498.58,522.83;534.51,510.26;493.19,441.99" z_order="0">
    </polygon>
    <polygon label="pool" source="manual" occluded="0" points="326.12,350.37;299.17,391.69;329.71,409.65;353.06,364.74" z_order="0">
    </polygon>
  </image>
  <image id="19" name="r0000_c0019.png" width="1024" height="1024">
  </image>
  <image id="20" name="r0000_c0020.png" width="1024" height="1024">
  </image>
  <image id="21" name="r0000_c0021.png" width="1024" height="1024">
  </image>
  <image id="22" name="r0000_c0022.png" width="1024" height="1024">
  </image>
  <image id="23" name="r0000_c0023.png" width="1024" height="1024">
  </image>
  <image id="24" name="r0000_c0024.png" width="1024" height="1024">
  </image>
  <image id="25" name="r0000_c0025.png" width="1024" height="1024">
  </image>
  <image id="26" name="r0000_c0026.png" width="1024" height="1024">
  </image>
  <image id="27" name="r0000_c0027.png" width="1024" height="1024">
  </image>
  <image id="28" name="r0000_c0028.png" width="1024" height="1024">
  </image>
  <image id="29" name="r0000_c0029.png" width="1024" height="1024">
  </image>
  <image id="30" name="r0000_c0030.png" width="1024" height="1024">
  </image>
  <image id="31" name="r0000_c0031.png" width="1024" height="1024">
  </image>
  <image id="32" name="r0000_c0032.png" width="1024" height="1024">
  </image>
  <image id="33" name="r0000_c0033.png" width="1024" height="1024">
  </image>
  <image id="34" name="r0001_c0000.png" width="1024" height="1024">
  </image>
  <image id="35" name="r0001_c0001.png" width="1024" height="1024">
    <polygon label="pool" source="manual" occluded="0" points="448.28,143.77;489.60,131.20;493.19,150.96;455.46,165.33" z_order="0">
    </polygon>
    <polygon label="pool" source="manual" occluded="0" points="904.59,186.89;931.53,274.92;890.21,283.90;865.06,199.46" z_order="0">
    </polygon>
    <polygon label="pool" source="manual" occluded="0" points="782.42,988.12;803.98,979.14;811.17,1022.26;789.61,1022.79" z_order="0">
    </polygon>
  </image>
  <image id="36" name="r0001_c0002.png" width="1024" height="1024">
    <polygon label="pool" source="manual" occluded="0" points="229.07,671.37;291.81,650.46;298.08,683.92;235.34,709.02" z_order="0">
    </polygon>
    <polygon label="pool" source="manual" occluded="0" points="7.40,29.36;55.50,14.72;65.95,39.81;15.76,54.45" z_order="0">
    </polygon>
    <polygon label="pool" source="manual" occluded="0" points="507.21,890.96;517.67,964.15;553.22,959.97;542.76,888.87" z_order="0">
    </polygon>
    <polygon label="pool" source="manual" occluded="0" points="894.09,535.44;925.46,531.26;929.65,552.17;894.09,558.45" z_order="0">
    </polygon>
  </image>
  <image id="37" name="r0001_c0003.png" width="1024" height="1024">
  </image>
  <image id="38" name="r0001_c0004.png" width="1024" height="1024">
  </image>
  <image id="39" name="r0001_c0005.png" width="1024" height="1024">
  </image>
  <image id="40" name="r0001_c0006.png" width="1024" height="1024">
    <polygon label="pool" source="manual" occluded="0" points="314.81,688.10;348.27,681.83;352.46,734.11;327.36,736.20" z_order="0">
    </polygon>
  </image>
  <image id="41" name="r0001_c0007.png" width="1024" height="1024">
    <polygon label="pool" source="manual" occluded="0" points="388.01,301.22;492.57,274.03;496.75,322.13;408.92,353.50" z_order="0">
    </polygon>
  </image>
  <image id="42" name="r0001_c0008.png" width="1024" height="1024">
    <polygon label="pool" source="manual" occluded="0" points="856.45,913.96;912.92,897.23;917.10,936.96;864.82,951.60" z_order="0">
    </polygon>
    <polygon label="pool" source="manual" occluded="0" points="362.91,980.88;392.19,972.52;406.61,1024.00;370.75,1024.00" z_order="0">
    </polygon>
  </image>
  <image id="43" name="r0001_c0009.png" width="1024" height="1024">
    <polygon label="pool" source="manual" occluded="0" points="915.01,355.59;984.02,332.59;1007.02,432.97;942.19,458.06" z_order="0">
    </polygon>
  </image>
  <image id="44" name="r0001_c0010.png" width="1024" height="1024">
    <polygon label="pool" source="manual" occluded="0" points="887.82,623.27;904.55,675.56;883.64,679.74;860.63,625.37" z_order="0">
    </polygon>
    <polygon label="pool" source="manual" occluded="0" points="565.76,681.83;595.04,675.56;599.23,698.56;578.31,713.20" z_order="0">
    </polygon>
    <polygon label="pool" source="manual" occluded="0" points="254.17,248.94;306.45,443.43;279.26,458.06;224.89,263.58" z_order="0">
    </polygon>
  </image>
  <image id="45" name="r0001_c0011.png" width="1024" height="1024">
    <polygon label="pool" source="manual" occluded="0" points="256.26,890.96;295.99,882.59;323.18,949.51;277.17,957.88" z_order="0">
    </polygon>
    <polygon label="pool" source="manual" occluded="0" points="65.95,562.63;80.59,606.54;59.68,614.91;45.04,568.90" z_order="0">
    </polygon>
    <polygon label="pool" source="manual" occluded="0" points="475.84,744.57;500.94,734.11;513.48,778.03;484.21,792.67" z_order="0">
    </polygon>
    <polygon label="pool" source="manual" occluded="0" points="266.71,466.43;283.44,522.89;306.45,516.62;293.90,458.06" z_order="0">
    </polygon>
    <polygon label="pool" source="manual" occluded="0" points="421.47,493.62;440.29,556.35;461.20,552.17;442.38,485.25" z_order="0">
    </polygon>
    <polygon label="pool" source="manual" occluded="0" points="270.90,322.13;298.08,334.68;306.45,359.78;293.90,382.78;262.53,382.78;245.80,359.78;245.80,336.77;258.35,324.22" z_order="0">
    </polygon>
  </image>
  <image id="46" name="r0001_c0012.png" width="1024" height="1024">
  </image>
  <image id="47" name="r0001_c0013.png" width="1024" height="1024">
    <polygon label="pool" source="manual" occluded="0" points="841.81,466.43;762.34,447.61;753.98,468.52;843.90,495.71" z_order="0">
    </polygon>
  </image>
  <image id="48" name="r0001_c0014.png" width="1024" height="1024">
    <polygon label="pool" source="manual" occluded="0" points="295.99,87.91;304.36,127.64;344.09,117.19;335.73,77.45" z_order="0">
    </polygon>
  </image>
  <image id="49" name="r0001_c0015.png" width="1024" height="1024">
  </image>
  <image id="50" name="r0001_c0016.png" width="1024" height="1024">
  </image>
  <image id="51" name="r0001_c0017.png" width="1024" height="1024">
  </image>
  <image id="52" name="r0001_c0018.png" width="1024" height="1024">
    <polygon label="pool" source="manual" occluded="0" points="521.85,658.83;657.78,667.19;645.23,709.02;515.57,692.29" z_order="0">
    </polygon>
    <polygon label="pool" source="manual" occluded="0" points="720.52,378.60;714.24,430.88;756.07,441.33;762.34,376.51" z_order="0">
    </polygon>
    <polygon label="pool" source="manual" occluded="0" points="659.87,414.15;641.05,455.97;674.51,458.06;678.69,418.33" z_order="0">
    </polygon>
    <polygon label="pool" source="manual" occluded="0" points="975.65,796.85;973.56,863.77;1013.30,880.50;1015.39,803.12" z_order="0">
    </polygon>
    <polygon label="pool" source="manual" occluded="0" points="344.09,637.91;352.46,522.89;304.36,514.53;319.00,629.55" z_order="0">
    </polygon>
    <polygon label="pool" source="manual" occluded="0" points="388.01,652.55;438.20,594.00;404.74,579.36;365.00,631.64" z_order="0">
    </polygon>
  </image>
  <image id="53" name="r0001_c0019.png" width="1024" height="1024">
  </image>
  <image id="54" name="r0001_c0020.png" width="1024" height="1024">
  </image>
  <image id="55" name="r0001_c0021.png" width="1024" height="1024">
  </image>
  <image id="56" name="r0001_c0022.png" width="1024" height="1024">
  </image>
  <image id="57" name="r0001_c0023.png" width="1024" height="1024">
  </image>
  <image id="58" name="r0001_c0024.png" width="1024" height="1024">
  </image>
  <image id="59" name="r0001_c0025.png" width="1024" height="1024">
  </image>
  <image id="60" name="r0001_c0026.png" width="1024" height="1024">
  </image>
  <image id="61" name="r0001_c0027.png" width="1024" height="1024">
  </image>
  <image id="62" name="r0001_c0028.png" width="1024" height="1024">
  </image>
  <image id="63" name="r0001_c0029.png" width="1024" height="1024">
  </image>
  <image id="64" name="r0001_c0030.png" width="1024" height="1024">
    <polygon label="pool" source="manual" occluded="0" points="149.60,62.82;109.47,-0.00;169.10,0.00;197.70,46.09" z_order="0">
    </polygon>
  </image>
  <image id="65" name="r0001_c0031.png" width="1024" height="1024">
  </image>
  <image id="66" name="r0001_c0032.png" width="1024" height="1024">
  </image>
  <image id="67" name="r0001_c0033.png" width="1024" height="1024">
  </image>
  <image id="68" name="r0002_c0000.png" width="1024" height="1024">
    <polygon label="pool" source="manual" occluded="0" points="542.76,813.58;511.39,819.85;511.39,849.13;546.94,838.68" z_order="0">
    </polygon>
    <polygon label="pool" source="manual" occluded="0" points="1004.93,202.93;954.74,192.47;950.56,217.57;1000.75,234.30" z_order="0">
    </polygon>
    <polygon label="pool" source="manual" occluded="0" points="818.81,939.06;781.17,949.51;802.08,966.24;829.26,959.97" z_order="0">
    </polygon>
  </image>
  <image id="69" name="r0002_c0001.png" width="1024" height="1024">
    <polygon label="pool" source="manual" occluded="0" points="860.63,426.70;900.37,414.15;904.55,451.79;873.18,458.06" z_order="0">
    </polygon>
    <polygon label="pool" source="manual" occluded="0" points="264.62,671.37;289.72,667.19;295.99,694.38;268.81,702.74" z_order="0">
    </polygon>
    <polygon label="pool" source="manual" occluded="0" points="910.82,79.55;958.92,79.55;958.92,104.64;915.01,106.73" z_order="0">
    </polygon>
  </image>
  <image id="70" name="r0002_c0002.png" width="1024" height="1024">
    <polygon label="pool" source="manual" occluded="0" points="139.15,654.64;189.34,642.10;193.52,667.19;145.42,683.92" z_order="0">
    </polygon>
    <polygon label="pool" source="manual" occluded="0" points="942.19,508.25;967.29,499.89;996.57,594.00;963.11,606.54" z_order="0">
    </polygon>
  </image>
  <image id="71" name="r0002_c0003.png" width="1024" height="1024">
    <polygon label="pool" source="manual" occluded="0" points="471.66,633.73;521.85,623.27;526.03,648.37;486.30,656.74" z_order="0">
    </polygon>
  </image>
  <image id="72" name="r0002_c0004.png" width="1024" height="1024">
    <polygon label="pool" source="manual" occluded="0" points="814.63,161.10;860.63,144.37;875.27,184.11;825.08,196.66" z_order="0">
    </polygon>
    <polygon label="pool" source="manual" occluded="0" points="912.92,12.62;961.01,152.74;940.10,163.20;889.91,23.08" z_order="0">
    </polygon>
  </image>
  <image id="73" name="r0002_c0005.png" width="1024" height="1024">
    <polygon label="pool" source="manual" occluded="0" points="45.04,640.00;82.68,631.64;97.32,692.29;51.31,696.47" z_order="0">
    </polygon>
  </image>
  <image id="74" name="r0002_c0006.png" width="1024" height="1024">
  </image>
  <image id="75" name="r0002_c0007.png" width="1024" height="1024">
    <polygon label="pool" source="manual" occluded="0" points="74.32,761.30;134.96,742.48;180.97,897.23;128.69,913.96" z_order="0">
    </polygon>
  </image>
  <image id="76" name="r0002_c0008.png" width="1024" height="1024">
  </image>
  <image id="77" name="r0002_c0009.png" width="1024" height="1024">
    <polygon label="pool" source="manual" occluded="0" points="208.16,870.04;264.62,851.22;287.63,949.51;237.44,962.06" z_order="0">
    </polygon>
    <polygon label="pool" source="manual" occluded="0" points="139.15,148.56;239.53,119.28;254.17,177.84;157.97,209.20" z_order="0">
    </polygon>
    <polygon label="pool" source="manual" occluded="0" points="258.35,209.20;295.99,211.30;289.72,248.94;245.80,244.76" z_order="0">
    </polygon>
    <polygon label="pool" source="manual" occluded="0" points="940.10,872.14;971.47,861.68;979.84,897.23;946.38,901.41" z_order="0">
    </polygon>
  </image>
  <image id="78" name="r0002_c0010.png" width="1024" height="1024">
  </image>
  <image id="79" name="r0002_c0011.png" width="1024" height="1024">
    <polygon label="pool" source="manual" occluded="0" points="170.52,330.50;151.69,397.42;122.42,384.87;139.15,317.95" z_order="0">
    </polygon>
    <polygon label="pool" source="manual" occluded="0" points="833.45,23.08;871.09,12.62;875.27,37.72;841.81,48.18" z_order="0">
    </polygon>
  </image>
  <image id="80" name="r0002_c0012.png" width="1024" height="1024">
  </image>
  <image id="81" name="r0002_c0013.png" width="1024" height="1024">
  </image>
  <image id="82" name="r0002_c0014.png" width="1024" height="1024">
    <polygon label="pool" source="manual" occluded="0" points="523.94,123.46;565.77,92.09;574.13,123.46;536.49,148.56" z_order="0">
    </polygon>
    <polygon label="pool" source="manual" occluded="0" points="578.31,880.50;609.68,928.60;632.69,907.69;603.41,859.59" z_order="0">
    </polygon>
    <polygon label="pool" source="manual" occluded="0" points="396.37,41.90;408.59,0.00;354.55,0.00;354.55,10.53" z_order="0">
    </polygon>
    <polygon label="pool" source="manual" occluded="0" points="22.03,465.08;67.91,433.17;95.87,455.35;48.47,497.89" z_order="0">
    </polygon>
  </image>
  <image id="83" name="r0002_c0015.png" width="1024" height="1024">
  </image>
  <image id="84" name="r0002_c0016.png" width="1024" height="1024">
  </image>
  <image id="85" name="r0002_c0017.png" width="1024" height="1024">
  </image>
  <image id="86" name="r0002_c0018.png" width="1024" height="1024">
  </image>
  <image id="87" name="r0002_c0019.png" width="1024" height="1024">
  </image>
  <image id="88" name="r0002_c0020.png" width="1024" height="1024">
  </image>
  <image id="89" name="r0002_c0021.png" width="1024" height="1024">
  </image>
  <image id="90" name="r0002_c0022.png" width="1024" height="1024">
  </image>
  <image id="91" name="r0002_c0023.png" width="1024" height="1024">
  </image>
  <image id="92" name="r0002_c0024.png" width="1024" height="1024">
  </image>
  <image id="93" name="r0002_c0025.png" width="1024" height="1024">
  </image>
  <image id="94" name="r0002_c0026.png" width="1024" height="1024">
  </image>
  <image id="95" name="r0002_c0027.png" width="1024" height="1024">
  </image>
  <image id="96" name="r0002_c0028.png" width="1024" height="1024">
  </image>
  <image id="97" name="r0002_c0029.png" width="1024" height="1024">
  </image>
  <image id="98" name="r0002_c0030.png" width="1024" height="1024">
    <polygon label="pool" source="manual" occluded="0" points="366.27,725.60;422.71,697.38;430.23,721.84;375.67,750.06" z_order="0">
    </polygon>
    <polygon label="pool" source="manual" occluded="0" points="563.81,110.40;601.43,87.82;612.72,108.52;575.10,129.21" z_order="0">
    </polygon>
    <polygon label="pool" source="manual" occluded="0" points="930.67,718.08;1024.00,663.18;1024.00,714.69;953.25,750.06" z_order="0">
    </polygon>
  </image>
  <image id="99" name="r0002_c0031.png" width="1024" height="1024">
  </image>
  <image id="100" name="r0002_c0032.png" width="1024" height="1024">
    <polygon label="pool" source="manual" occluded="0" points="953.90,889.57;909.80,818.09;934.13,804.40;976.71,875.88" z_order="0">
    </polygon>
  </image>
  <image id="101" name="r0002_c0033.png" width="1024" height="1024">
    <polygon label="pool" source="manual" occluded="0" points="109.82,939.76;157.75,1024.00;172.90,1024.00;199.55,1015.80;138.71,926.07" z_order="0">
    </polygon>
  </image>
  <image id="102" name="r0003_c0000.png" width="1024" height="1024">
    <polygon label="pool" source="manual" occluded="0" points="854.23,884.80;865.12,927.45;848.79,934.71;836.08,889.34" z_order="0">
    </polygon>
  </image>
  <image id="103" name="r0003_c0001.png" width="1024" height="1024">
  </image>
  <image id="104" name="r0003_c0002.png" width="1024" height="1024">
  </image>
  <image id="105" name="r0003_c0003.png" width="1024" height="1024">
  </image>
  <image id="106" name="r0003_c0004.png" width="1024" height="1024">
    <polygon label="pool" source="manual" occluded="0" points="762.18,762.31;796.15,844.62;771.32,875.97;730.82,775.37" z_order="0">
    </polygon>
  </image>
  <image id="107" name="r0003_c0005.png" width="1024" height="1024">
    <polygon label="pool" source="manual" occluded="0" points="270.93,934.76;439.47,885.12;440.78,913.86;284.00,962.20" z_order="0">
    </polygon>
    <polygon label="pool" source="manual" occluded="0" points="370.23,708.74;404.20,700.90;422.49,764.92;397.66,772.76;381.99,741.40" z_order="0">
    </polygon>
  </image>
  <image id="108" name="r0003_c0006.png" width="1024" height="1024">
    <polygon label="pool" source="manual" occluded="0" points="518.19,735.51;566.32,720.83;577.74,773.03;534.51,787.72" z_order="0">
    </polygon>
  </image>
  <image id="109" name="r0003_c0007.png" width="1024" height="1024">
    <polygon label="pool" source="manual" occluded="0" points="132.33,372.00;159.29,386.98;142.81,407.95;124.84,382.48" z_order="0">
    </polygon>
    <polygon label="pool" source="manual" occluded="0" points="706.72,88.26;752.46,74.98;761.31,113.34;720.00,132.52" z_order="0">
    </polygon>
  </image>
  <image id="110" name="r0003_c0008.png" width="1024" height="1024">
    <polygon label="pool" source="manual" occluded="0" points="85.60,283.00;95.93,340.54;126.91,331.69;113.63,269.72" z_order="0">
    </polygon>
    <polygon label="pool" source="manual" occluded="0" points="228.71,845.11;348.21,808.23;371.82,879.05;249.36,915.93" z_order="0">
    </polygon>
    <polygon label="pool" source="manual" occluded="0" points="879.34,88.26;913.27,95.63;910.32,126.62;871.96,125.14" z_order="0">
    </polygon>
  </image>
  <image id="111" name="r0003_c0009.png" width="1024" height="1024">
    <polygon label="pool" source="manual" occluded="0" points="312.80,325.79;405.75,297.76;419.03,350.87;326.08,384.80" z_order="0">
    </polygon>
    <polygon label="pool" source="manual" occluded="0" points="290.67,942.49;373.29,917.41;383.62,988.22;305.43,1010.35" z_order="0">
    </polygon>
  </image>
  <image id="112" name="r0003_c0010.png" width="1024" height="1024">
    <polygon label="pool" source="manual" occluded="0" points="11.33,713.29;132.36,674.79;148.87,746.30;16.84,779.31" z_order="0">
    </polygon>
  </image>
  <image id="113" name="r0003_c0011.png" width="1024" height="1024">
    <polygon label="pool" source="manual" occluded="0" points="543.92,214.94;623.43,182.14;637.34,220.90;564.79,268.61" z_order="0">
    </polygon>
    <polygon label="pool" source="manual" occluded="0" points="572.24,2.23;594.55,0.00;596.70,0.00;597.91,18.12;574.69,22.40" z_order="0">
    </polygon>
    <polygon label="pool" source="manual" occluded="0" points="7.71,360.33;110.76,426.28;81.90,473.69;0.00,419.08;0.00,395.03" z_order="0">
    </polygon>
    <polygon label="pool" source="manual" occluded="0" points="348.34,663.22;403.55,678.81;394.46,720.38;336.00,696.99" z_order="0">
    </polygon>
    <polygon label="pool" source="manual" occluded="0" points="939.95,931.08;965.62,925.29;971.42,950.96;952.37,956.76" z_order="0">
    </polygon>
  </image>
  <image id="114" name="r0003_c0012.png" width="1024" height="1024">
  </image>
  <image id="115" name="r0003_c0013.png" width="1024" height="1024">
    <polygon label="pool" source="manual" occluded="0" points="374.77,454.68;409.19,496.49;372.31,519.85;340.34,475.59" z_order="0">
    </polygon>
    <polygon label="pool" source="manual" occluded="0" points="543.21,529.68;626.81,628.04;603.45,647.71;518.62,549.35" z_order="0">
    </polygon>
    <polygon label="pool" source="manual" occluded="0" points="358.79,600.99;312.07,636.65;326.82,660.00;377.23,623.12" z_order="0">
    </polygon>
    <polygon label="pool" source="manual" occluded="0" points="961.22,433.78;930.49,453.46;983.35,510.01;1016.55,491.57" z_order="0">
    </polygon>
  </image>
  <image id="116" name="r0003_c0014.png" width="1024" height="1024">
  </image>
  <image id="117" name="r0003_c0015.png" width="1024" height="1024">
    <polygon label="pool" source="manual" occluded="0" points="84.94,492.82;134.12,456.96;152.57,476.43;102.36,520.48" z_order="0">
    </polygon>
    <polygon label="pool" source="manual" occluded="0" points="328.79,343.23;409.73,283.81;436.37,290.98;338.01,360.65" z_order="0">
    </polygon>
    <polygon label="pool" source="manual" occluded="0" points="453.43,209.71;516.49,168.54;540.94,196.85;477.88,247.03" z_order="0">
    </polygon>
  </image>
  <image id="118" name="r0003_c0016.png" width="1024" height="1024">
    <polygon label="pool" source="manual" occluded="0" points="432.37,492.36;454.55,476.52;523.20,570.52;498.91,587.42" z_order="0">
    </polygon>
  </image>
  <image id="119" name="r0003_c0017.png" width="1024" height="1024">
    <polygon label="pool" source="manual" occluded="0" points="232.76,380.41;198.96,416.32;264.44,475.46;298.24,445.89" z_order="0">
    </polygon>
  </image>
  <image id="120" name="r0003_c0018.png" width="1024" height="1024">
  </image>
  <image id="121" name="r0003_c0019.png" width="1024" height="1024">
    <polygon label="pool" source="manual" occluded="0" points="64.43,539.83;89.45,527.32;106.43,544.30;78.73,564.85" z_order="0">
    </polygon>
  </image>
  <image id="122" name="r0003_c0020.png" width="1024" height="1024">
  </image>
  <image id="123" name="r0003_c0021.png" width="1024" height="1024">
  </image>
  <image id="124" name="r0003_c0022.png" width="1024" height="1024">
  </image>
  <image id="125" name="r0003_c0023.png" width="1024" height="1024">
  </image>
  <image id="126" name="r0003_c0024.png" width="1024" height="1024">
  </image>
  <image id="127" name="r0003_c0025.png" width="1024" height="1024">
  </image>
  <image id="128" name="r0003_c0026.png" width="1024" height="1024">
  </image>
  <image id="129" name="r0003_c0027.png" width="1024" height="1024">
    <polygon label="pool" source="manual" occluded="0" points="557.04,304.75;767.75,184.34;893.80,387.52;709.42,506.05" z_order="0">
    </polygon>
    <polygon label="pool" source="manual" occluded="0" points="456.69,131.81;577.15,59.06;538.94,0.00;368.82,0.00" z_order="0">
    </polygon>
    <polygon label="pool" source="manual" occluded="0" points="661.83,4.20;587.89,49.52;558.41,0.00;644.00,0.00" z_order="0">
    </polygon>
  </image>
  <image id="130" name="r0003_c0028.png" width="1024" height="1024">
  </image>
  <image id="131" name="r0003_c0029.png" width="1024" height="1024">
    <polygon label="pool" source="manual" occluded="0" points="465.13,187.23;543.84,141.82;571.09,186.22;489.35,228.60" z_order="0">
    </polygon>
    <polygon label="pool" source="manual" occluded="0" points="897.03,61.09;849.60,78.24;864.74,109.53;908.13,87.33" z_order="0">
    </polygon>
    <polygon label="pool" source="manual" occluded="0" points="971.05,830.48;937.80,849.00;999.20,969.60;1023.20,977.60;1024.00,925.65" z_order="0">
    </polygon>
  </image>
  <image id="132" name="r0003_c0030.png" width="1024" height="1024">
    <polygon label="pool" source="manual" occluded="0" points="991.17,469.31;889.61,524.70;898.85,557.01;1009.64,490.08" z_order="0">
    </polygon>
    <polygon label="pool" source="manual" occluded="0" points="192.56,476.23;273.35,637.80;305.66,619.33;236.42,457.77" z_order="0">
    </polygon>
  </image>
  <image id="133" name="r0003_c0031.png" width="1024" height="1024">
    <polygon label="pool" source="manual" occluded="0" points="10.18,323.64;38.65,368.21;16.37,384.30;0.00,346.75;0.00,332.12" z_order="0">
    </polygon>
    <polygon label="pool" source="manual" occluded="0" points="876.78,98.33;899.06,139.18;927.54,125.56;906.49,85.95" z_order="0">
    </polygon>
    <polygon label="pool" source="manual" occluded="0" points="1003.06,0.52;969.63,16.62;989.44,52.52;1019.15,31.47" z_order="0">
    </polygon>
  </image>
  <image id="134" name="r0003_c0032.png" width="1024" height="1024">
  </image>
  <image id="135" name="r0003_c0033.png" width="1024" height="1024">
  </image>
  <image id="136" name="r0004_c0000.png" width="1024" height="1024">
    <polygon label="pool" source="manual" occluded="0" points="503.02,744.89;419.28,832.89;440.57,871.22;537.09,769.02" z_order="0">
    </polygon>
  </image>
  <image id="137" name="r0004_c0001.png" width="1024" height="1024">
  </image>
  <image id="138" name="r0004_c0002.png" width="1024" height="1024">
  </image>
  <image id="139" name="r0004_c0003.png" width="1024" height="1024">
  </image>
  <image id="140" name="r0004_c0004.png" width="1024" height="1024">
  </image>
  <image id="141" name="r0004_c0005.png" width="1024" height="1024">
  </image>
  <image id="142" name="r0004_c0006.png" width="1024" height="1024">
    <polygon label="pool" source="manual" occluded="0" points="801.96,603.69;917.84,574.19;936.81,639.51;820.92,671.11" z_order="0">
    </polygon>
    <polygon label="pool" source="manual" occluded="0" points="142.46,700.61;178.28,685.86;190.92,749.07;161.43,761.71" z_order="0">
    </polygon>
  </image>
  <image id="143" name="r0004_c0007.png" width="1024" height="1024">
    <polygon label="pool" source="manual" occluded="0" points="433.23,510.98;479.58,496.23;515.40,622.65;466.94,633.19" z_order="0">
    </polygon>
    <polygon label="pool" source="manual" occluded="0" points="848.31,957.67;877.81,902.88;913.63,915.52;879.92,976.63" z_order="0">
    </polygon>
    <polygon label="pool" source="manual" occluded="0" points="275.20,127.50;361.59,106.43;372.13,154.89;289.95,178.07" z_order="0">
    </polygon>
  </image>
  <image id="144" name="r0004_c0008.png" width="1024" height="1024">
    <polygon label="pool" source="manual" occluded="0" points="832.17,874.64;860.62,964.06;818.96,976.25;787.46,884.80" z_order="0">
    </polygon>
    <polygon label="pool" source="manual" occluded="0" points="761.04,720.19;824.04,720.19;829.12,779.13;762.06,791.32" z_order="0">
    </polygon>
  </image>
  <image id="145" name="r0004_c0009.png" width="1024" height="1024">
    <polygon label="pool" source="manual" occluded="0" points="966.87,76.54;1001.08,70.32;1007.30,118.53;971.54,121.64" z_order="0">
    </polygon>
  </image>
  <image id="146" name="r0004_c0010.png" width="1024" height="1024">
    <polygon label="pool" source="manual" occluded="0" points="248.51,426.39;292.05,410.84;298.27,437.28;254.73,451.27" z_order="0">
    </polygon>
    <polygon label="pool" source="manual" occluded="0" points="643.46,177.61;714.98,163.62;718.09,211.82;652.78,227.37" z_order="0">
    </polygon>
    <polygon label="pool" source="manual" occluded="0" points="761.63,106.09;769.40,140.29;788.06,135.63;775.62,95.20" z_order="0">
    </polygon>
  </image>
  <image id="147" name="r0004_c0011.png" width="1024" height="1024">
    <polygon label="pool" source="manual" occluded="0" points="277.88,774.51;340.96,758.74;345.60,789.35;284.38,803.27" z_order="0">
    </polygon>
    <polygon label="pool" source="manual" occluded="0" points="472.68,767.09;494.01,749.47;522.77,757.81;504.21,790.28" z_order="0">
    </polygon>
    <polygon label="pool" source="manual" occluded="0" points="948.61,562.41;982.81,556.11;983.71,568.71;949.51,575.01" z_order="0">
    </polygon>
  </image>
  <image id="148" name="r0004_c0012.png" width="1024" height="1024">
  </image>
  <image id="149" name="r0004_c0013.png" width="1024" height="1024">
    <polygon label="pool" source="manual" occluded="0" points="416.33,602.57;460.02,654.35;485.10,634.12;443.03,586.39" z_order="0">
    </polygon>
    <polygon label="pool" source="manual" occluded="0" points="187.03,338.66;206.35,325.13;249.51,379.24;228.90,394.06" z_order="0">
    </polygon>
  </image>
  <image id="150" name="r0004_c0014.png" width="1024" height="1024">
  </image>
  <image id="151" name="r0004_c0015.png" width="1024" height="1024">
  </image>
  <image id="152" name="r0004_c0016.png" width="1024" height="1024">
    <polygon label="pool" source="manual" occluded="0" points="491.14,142.29;475.29,175.21;487.48,181.31;498.46,154.48" z_order="0">
    </polygon>
  </image>
  <image id="153" name="r0004_c0017.png" width="1024" height="1024">
    <polygon label="pool" source="manual" occluded="0" points="728.72,117.79;685.95,157.07;710.39,178.02;755.78,142.23" z_order="0">
    </polygon>
    <polygon label="pool" source="manual" occluded="0" points="286.17,30.96;351.06,19.46;360.10,81.06;290.28,96.67" z_order="0">
    </polygon>
    <polygon label="pool" source="manual" occluded="0" points="185.96,163.21;221.28,141.85;244.28,182.10;212.24,205.10" z_order="0">
    </polygon>
  </image>
  <image id="154" name="r0004_c0018.png" width="1024" height="1024">
    <polygon label="pool" source="manual" occluded="0" points="465.65,230.72;419.78,271.58;433.96,286.59;474.83,254.90" z_order="0">
    </polygon>
    <polygon label="pool" source="manual" occluded="0" points="751.71,210.70;721.69,234.89;740.03,253.23;768.39,231.55" z_order="0">
    </polygon>
  </image>
  <image id="155" name="r0004_c0019.png" width="1024" height="1024">
  </image>
  <image id="156" name="r0004_c0020.png" width="1024" height="1024">
  </image>
  <image id="157" name="r0004_c0021.png" width="1024" height="1024">
  </image>
  <image id="158" name="r0004_c0022.png" width="1024" height="1024">
  </image>
  <image id="159" name="r0004_c0023.png" width="1024" height="1024">
  </image>
  <image id="160" name="r0004_c0024.png" width="1024" height="1024">
  </image>
  <image id="161" name="r0004_c0025.png" width="1024" height="1024">
  </image>
  <image id="162" name="r0004_c0026.png" width="1024" height="1024">
  </image>
  <image id="163" name="r0004_c0027.png" width="1024" height="1024">
    <polygon label="pool" source="manual" occluded="0" points="268.17,857.85;395.07,778.54;442.66,869.74;319.72,945.09" z_order="0">
    </polygon>
    <polygon label="pool" source="manual" occluded="0" points="450.59,873.71;315.76,951.04;365.68,1024.00;540.37,1024.00" z_order="0">
    </polygon>
    <polygon label="pool" source="manual" occluded="0" points="619.12,953.02;553.69,968.88;559.02,1024.00;658.55,1024.00" z_order="0">
    </polygon>
  </image>
  <image id="164" name="r0004_c0028.png" width="1024" height="1024">
  </image>
  <image id="165" name="r0004_c0029.png" width="1024" height="1024">
    <polygon label="pool" source="manual" occluded="0" points="407.08,90.47;445.49,68.31;491.28,142.91;450.66,166.54" z_order="0">
    </polygon>
    <polygon label="pool" source="manual" occluded="0" points="881.57,849.07;838.49,877.39;877.88,954.32;932.04,930.93" z_order="0">
    </polygon>
  </image>
  <image id="166" name="r0004_c0030.png" width="1024" height="1024">
    <polygon label="pool" source="manual" occluded="0" points="82.17,855.87;153.86,815.90;172.26,852.06;102.47,894.57" z_order="0">
    </polygon>
    <polygon label="pool" source="manual" occluded="0" points="404.24,144.66;425.67,130.18;442.47,155.09;415.25,169.57" z_order="0">
    </polygon>
    <polygon label="pool" source="manual" occluded="0" points="471.42,168.41;502.70,153.93;543.82,228.64;517.76,244.86" z_order="0">
    </polygon>
    <polygon label="pool" source="manual" occluded="0" points="415.25,277.87;442.47,260.49;458.68,291.77;432.04,304.51" z_order="0">
    </polygon>
  </image>
  <image id="167" name="r0004_c0031.png" width="1024" height="1024">
    <polygon label="pool" source="manual" occluded="0" points="554.62,908.82;650.55,849.44;674.30,884.15;574.72,947.19" z_order="0">
    </polygon>
    <polygon label="pool" source="manual" occluded="0" points="497.07,940.80;528.13,923.44;548.23,961.81;516.25,975.51" z_order="0">
    </polygon>
  </image>
  <image id="168" name="r0004_c0032.png" width="1024" height="1024">
  </image>
  <image id="169" name="r0004_c0033.png" width="1024" height="1024">
  </image>
  <image id="170" name="r0005_c0000.png" width="1024" height="1024">
  </image>
  <image id="171" name="r0005_c0001.png" width="1024" height="1024">
    <polygon label="pool" source="manual" occluded="0" points="834.66,809.71;863.03,790.80;903.77,838.08;872.49,861.36" z_order="0">
    </polygon>
  </image>
  <image id="172" name="r0005_c0002.png" width="1024" height="1024">
  </image>
  <image id="173" name="r0005_c0003.png" width="1024" height="1024">
    <polygon label="pool" source="manual" occluded="0" points="825.25,527.54;892.11,499.31;901.02,549.82;837.14,570.62" z_order="0">
    </polygon>
    <polygon label="pool" source="manual" occluded="0" points="16.37,454.13;46.50,451.34;52.10,511.29;17.30,512.53" z_order="0">
    </polygon>
  </image>
  <image id="174" name="r0005_c0004.png" width="1024" height="1024">
    <polygon label="pool" source="manual" occluded="0" points="40.32,770.58;116.76,688.44;299.30,855.58;220.01,935.44" z_order="0">
    </polygon>
    <polygon label="pool" source="manual" occluded="0" points="813.60,58.04;909.89,146.15;889.91,167.04;792.71,81.20" z_order="0">
    </polygon>
  </image>
  <image id="175" name="r0005_c0005.png" width="1024" height="1024">
    <polygon label="pool" source="manual" occluded="0" points="540.96,62.89;570.61,0.00;583.79,0.00;616.11,8.67;578.53,88.65" z_order="0">
    </polygon>
    <polygon label="pool" source="manual" occluded="0" points="164.54,291.45;149.25,311.60;147.16,335.92;107.55,365.11;156.20,409.59;197.90,330.36" z_order="0">
    </polygon>
    <polygon label="pool" source="manual" occluded="0" points="284.74,518.74;325.28,476.23;348.83,496.50;307.63,547.52;293.89,534.44;288.66,527.90" z_order="0">
    </polygon>
  </image>
  <image id="176" name="r0005_c0006.png" width="1024" height="1024">
  </image>
  <image id="177" name="r0005_c0007.png" width="1024" height="1024">
  </image>
  <image id="178" name="r0005_c0008.png" width="1024" height="1024">
  </image>
  <image id="179" name="r0005_c0009.png" width="1024" height="1024">
    <polygon label="pool" source="manual" occluded="0" points="329.74,366.10;403.02,347.55;404.87,393.00;423.42,502.45;396.52,506.16;373.33,460.71" z_order="0">
    </polygon>
    <polygon label="pool" source="manual" occluded="0" points="364.98,761.25;409.51,748.26;416.00,772.38;367.77,787.22" z_order="0">
    </polygon>
    <polygon label="pool" source="manual" occluded="0" points="186.89,764.96;223.07,752.90;235.12,792.78;198.95,803.91" z_order="0">
    </polygon>
    <polygon label="pool" source="manual" occluded="0" points="20.85,586.86;70.94,577.59;80.22,627.67;17.14,644.37" z_order="0">
    </polygon>
  </image>
  <image id="180" name="r0005_c0010.png" width="1024" height="1024">
    <polygon label="pool" source="manual" occluded="0" points="683.16,873.93;699.33,871.48;707.66,900.88;691.00,905.29" z_order="0">
    </polygon>
    <polygon label="pool" source="manual" occluded="0" points="901.64,194.18;937.50,144.38;989.29,174.26;921.56,243.99" z_order="0">
    </polygon>
    <polygon label="pool" source="manual" occluded="0" points="513.53,0.01;534.55,0.57;541.75,28.79;524.04,38.20" z_order="0">
    </polygon>
  </image>
  <image id="181" name="r0005_c0011.png" width="1024" height="1024">
    <polygon label="pool" source="manual" occluded="0" points="936.61,563.10;965.40,559.71;972.17,596.97;939.99,601.21" z_order="0">
    </polygon>
    <polygon label="pool" source="manual" occluded="0" points="418.86,161.21;441.36,154.47;457.10,243.70;432.36,248.20" z_order="0">
    </polygon>
    <polygon label="pool" source="manual" occluded="0" points="960.07,700.84;969.62,769.50;1000.07,771.89;986.94,696.66" z_order="0">
    </polygon>
    <polygon label="pool" source="manual" occluded="0" points="13.17,377.50;70.33,405.45;71.57,430.62;9.44,400.48" z_order="0">
    </polygon>
  </image>
  <image id="182" name="r0005_c0012.png" width="1024" height="1024">
    <polygon label="pool" source="manual" occluded="0" points="810.59,122.45;780.57,146.47;791.37,164.48;825.00,139.26" z_order="0">
    </polygon>
  </image>
  <image id="183" name="r0005_c0013.png" width="1024" height="1024">
    <polygon label="pool" source="manual" occluded="0" points="652.81,873.15;691.14,918.09;669.12,936.59;627.26,887.25" z_order="0">
    </polygon>
  </image>
  <image id="184" name="r0005_c0014.png" width="1024" height="1024">
    <polygon label="pool" source="manual" occluded="0" points="561.19,804.03;625.98,755.44;648.65,787.83;586.02,840.74" z_order="0">
    </polygon>
    <polygon label="pool" source="manual" occluded="0" points="159.64,111.65;194.36,96.46;238.62,143.33;220.39,162.42" z_order="0">
    </polygon>
  </image>
  <image id="185" name="r0005_c0015.png" width="1024" height="1024">
    <polygon label="pool" source="manual" occluded="0" points="141.93,222.34;163.84,208.40;243.52,292.73;226.92,306.01" z_order="0">
    </polygon>
    <polygon label="pool" source="manual" occluded="0" points="272.08,329.91;240.20,358.47;312.58,422.88;329.85,406.94" z_order="0">
    </polygon>
  </image>
  <image id="186" name="r0005_c0016.png" width="1024" height="1024">
    <polygon label="pool" source="manual" occluded="0" points="909.11,1004.85;974.80,946.36;1005.39,976.06;954.45,1024.00;932.45,1024.00" z_order="0">
    </polygon>
    <polygon label="pool" source="manual" occluded="0" points="936.11,743.91;985.60,787.10;965.80,810.49;914.51,757.40" z_order="0">
    </polygon>
    <polygon label="pool" source="manual" occluded="0" points="548.29,519.85;583.38,554.94;557.28,578.34;529.39,549.54" z_order="0">
    </polygon>
    <polygon label="pool" source="manual" occluded="0" points="0.77,17.79;19.45,0.00;22.41,0.00;53.36,26.40;3.64,77.07" z_order="0">
    </polygon>
    <polygon label="pool" source="manual" occluded="0" points="331.61,35.00;279.02,80.90;296.24,103.85;336.40,68.47" z_order="0">
    </polygon>
  </image>
  <image id="187" name="r0005_c0017.png" width="1024" height="1024">
    <polygon label="pool" source="manual" occluded="0" points="618.28,336.56;645.92,308.92;668.27,326.56;638.28,357.73" z_order="0">
    </polygon>
    <polygon label="pool" source="manual" occluded="0" points="762.54,414.36;817.16,463.33;788.91,497.24;731.46,444.50" z_order="0">
    </polygon>
    <polygon label="pool" source="manual" occluded="0" points="1022.39,437.77;930.68,527.01;991.00,585.48;1024.00,541.30;1024.00,460.81" z_order="0">
    </polygon>
    <polygon label="pool" source="manual" occluded="0" points="15.27,790.02;60.83,837.76;37.40,865.53;0.00,829.17;0.00,808.51" z_order="0">
    </polygon>
  </image>
  <image id="188" name="r0005_c0018.png" width="1024" height="1024">
    <polygon label="pool" source="manual" occluded="0" points="698.46,325.27;760.05,378.06;732.39,396.91;674.57,337.84" z_order="0">
    </polygon>
  </image>
  <image id="189" name="r0005_c0019.png" width="1024" height="1024">
    <polygon label="pool" source="manual" occluded="0" points="410.45,717.11;463.36,766.78;433.13,789.45;391.02,744.10" z_order="0">
    </polygon>
    <polygon label="pool" source="manual" occluded="0" points="356.46,267.92;394.25,224.73;418.01,245.25;373.74,287.36" z_order="0">
    </polygon>
  </image>
  <image id="190" name="r0005_c0020.png" width="1024" height="1024">
  </image>
  <image id="191" name="r0005_c0021.png" width="1024" height="1024">
  </image>
  <image id="192" name="r0005_c0022.png" width="1024" height="1024">
  </image>
  <image id="193" name="r0005_c0023.png" width="1024" height="1024">
  </image>
  <image id="194" name="r0005_c0024.png" width="1024" height="1024">
  </image>
  <image id="195" name="r0005_c0025.png" width="1024" height="1024">
  </image>
  <image id="196" name="r0005_c0026.png" width="1024" height="1024">
  </image>
  <image id="197" name="r0005_c0027.png" width="1024" height="1024">
  </image>
  <image id="198" name="r0005_c0028.png" width="1024" height="1024">
    <polygon label="pool" source="manual" occluded="0" points="669.69,863.71;698.63,850.35;747.61,931.61;724.24,938.28" z_order="0">
    </polygon>
    <polygon label="pool" source="manual" occluded="0" points="966.89,737.93;1024.00,704.98;1024.00,760.62;988.04,779.11" z_order="0">
    </polygon>
  </image>
  <image id="199" name="r0005_c0029.png" width="1024" height="1024">
    <polygon label="pool" source="manual" occluded="0" points="87.78,655.57;0.00,705.73;0.00,759.19;108.79,690.29" z_order="0">
    </polygon>
    <polygon label="pool" source="manual" occluded="0" points="717.24,947.01;763.83,1022.84;758.28,1024.00;719.77,1024.00;682.52,968.94" z_order="0">
    </polygon>
    <polygon label="pool" source="manual" occluded="0" points="836.01,875.75;819.56,883.06;862.50,951.58;878.95,942.44" z_order="0">
    </polygon>
  </image>
  <image id="200" name="r0005_c0030.png" width="1024" height="1024">
  </image>
  <image id="201" name="r0005_c0031.png" width="1024" height="1024">
  </image>
  <image id="202" name="r0005_c0032.png" width="1024" height="1024">
  </image>
  <image id="203" name="r0005_c0033.png" width="1024" height="1024">
  </image>
  <image id="204" name="r0006_c0000.png" width="1024" height="1024">
  </image>
  <image id="205" name="r0006_c0001.png" width="1024" height="1024">
  </image>
  <image id="206" name="r0006_c0002.png" width="1024" height="1024">
  </image>
  <image id="207" name="r0006_c0003.png" width="1024" height="1024">
  </image>
  <image id="208" name="r0006_c0004.png" width="1024" height="1024">
  </image>
  <image id="209" name="r0006_c0005.png" width="1024" height="1024">
  </image>
  <image id="210" name="r0006_c0006.png" width="1024" height="1024">
  </image>
  <image id="211" name="r0006_c0007.png" width="1024" height="1024">
  </image>
  <image id="212" name="r0006_c0008.png" width="1024" height="1024">
  </image>
  <image id="213" name="r0006_c0009.png" width="1024" height="1024">
  </image>
  <image id="214" name="r0006_c0010.png" width="1024" height="1024">
  </image>
  <image id="215" name="r0006_c0011.png" width="1024" height="1024">
  </image>
  <image id="216" name="r0006_c0012.png" width="1024" height="1024">
  </image>
  <image id="217" name="r0006_c0013.png" width="1024" height="1024">
  </image>
  <image id="218" name="r0006_c0014.png" width="1024" height="1024">
  </image>
  <image id="219" name="r0006_c0015.png" width="1024" height="1024">
  </image>
  <image id="220" name="r0006_c0016.png" width="1024" height="1024">
  </image>
  <image id="221" name="r0006_c0017.png" width="1024" height="1024">
  </image>
  <image id="222" name="r0006_c0018.png" width="1024" height="1024">
  </image>
  <image id="223" name="r0006_c0019.png" width="1024" height="1024">
  </image>
  <image id="224" name="r0006_c0020.png" width="1024" height="1024">
  </image>
  <image id="225" name="r0006_c0021.png" width="1024" height="1024">
  </image>
  <image id="226" name="r0006_c0022.png" width="1024" height="1024">
  </image>
  <image id="227" name="r0006_c0023.png" width="1024" height="1024">
  </image>
  <image id="228" name="r0006_c0024.png" width="1024" height="1024">
  </image>
  <image id="229" name="r0006_c0025.png" width="1024" height="1024">
  </image>
  <image id="230" name="r0006_c0026.png" width="1024" height="1024">
  </image>
  <image id="231" name="r0006_c0027.png" width="1024" height="1024">
  </image>
  <image id="232" name="r0006_c0028.png" width="1024" height="1024">
  </image>
  <image id="233" name="r0006_c0029.png" width="1024" height="1024">
  </image>
  <image id="234" name="r0006_c0030.png" width="1024" height="1024">
  </image>
  <image id="235" name="r0006_c0031.png" width="1024" height="1024">
  </image>
  <image id="236" name="r0006_c0032.png" width="1024" height="1024">
  </image>
  <image id="237" name="r0006_c0033.png" width="1024" height="1024">
  </image>
  <image id="238" name="r0007_c0000.png" width="1024" height="1024">
  </image>
  <image id="239" name="r0007_c0001.png" width="1024" height="1024">
  </image>
  <image id="240" name="r0007_c0002.png" width="1024" height="1024">
  </image>
  <image id="241" name="r0007_c0003.png" width="1024" height="1024">
  </image>
  <image id="242" name="r0007_c0004.png" width="1024" height="1024">
  </image>
  <image id="243" name="r0007_c0005.png" width="1024" height="1024">
  </image>
  <image id="244" name="r0007_c0006.png" width="1024" height="1024">
  </image>
  <image id="245" name="r0007_c0007.png" width="1024" height="1024">
  </image>
  <image id="246" name="r0007_c0008.png" width="1024" height="1024">
  </image>
  <image id="247" name="r0007_c0009.png" width="1024" height="1024">
  </image>
  <image id="248" name="r0007_c0010.png" width="1024" height="1024">
  </image>
  <image id="249" name="r0007_c0011.png" width="1024" height="1024">
  </image>
  <image id="250" name="r0007_c0012.png" width="1024" height="1024">
  </image>
  <image id="251" name="r0007_c0013.png" width="1024" height="1024">
  </image>
  <image id="252" name="r0007_c0014.png" width="1024" height="1024">
  </image>
  <image id="253" name="r0007_c0015.png" width="1024" height="1024">
  </image>
  <image id="254" name="r0007_c0016.png" width="1024" height="1024">
  </image>
  <image id="255" name="r0007_c0017.png" width="1024" height="1024">
  </image>
  <image id="256" name="r0007_c0018.png" width="1024" height="1024">
  </image>
  <image id="257" name="r0007_c0019.png" width="1024" height="1024">
  </image>
  <image id="258" name="r0007_c0020.png" width="1024" height="1024">
  </image>
  <image id="259" name="r0007_c0021.png" width="1024" height="1024">
  </image>
  <image id="260" name="r0007_c0022.png" width="1024" height="1024">
  </image>
  <image id="261" name="r0007_c0023.png" width="1024" height="1024">
  </image>
  <image id="262" name="r0007_c0024.png" width="1024" height="1024">
  </image>
  <image id="263" name="r0007_c0025.png" width="1024" height="1024">
  </image>
  <image id="264" name="r0007_c0026.png" width="1024" height="1024">
  </image>
  <image id="265" name="r0007_c0027.png" width="1024" height="1024">
  </image>
  <image id="266" name="r0007_c0028.png" width="1024" height="1024">
  </image>
  <image id="267" name="r0007_c0029.png" width="1024" height="1024">
  </image>
  <image id="268" name="r0007_c0030.png" width="1024" height="1024">
  </image>
  <image id="269" name="r0007_c0031.png" width="1024" height="1024">
  </image>
  <image id="270" name="r0007_c0032.png" width="1024" height="1024">
  </image>
  <image id="271" name="r0007_c0033.png" width="1024" height="1024">
  </image>
  <image id="272" name="r0008_c0000.png" width="1024" height="1024">
  </image>
  <image id="273" name="r0008_c0001.png" width="1024" height="1024">
  </image>
  <image id="274" name="r0008_c0002.png" width="1024" height="1024">
  </image>
  <image id="275" name="r0008_c0003.png" width="1024" height="1024">
  </image>
  <image id="276" name="r0008_c0004.png" width="1024" height="1024">
  </image>
  <image id="277" name="r0008_c0005.png" width="1024" height="1024">
  </image>
  <image id="278" name="r0008_c0006.png" width="1024" height="1024">
  </image>
  <image id="279" name="r0008_c0007.png" width="1024" height="1024">
  </image>
  <image id="280" name="r0008_c0008.png" width="1024" height="1024">
  </image>
  <image id="281" name="r0008_c0009.png" width="1024" height="1024">
  </image>
  <image id="282" name="r0008_c0010.png" width="1024" height="1024">
  </image>
  <image id="283" name="r0008_c0011.png" width="1024" height="1024">
  </image>
  <image id="284" name="r0008_c0012.png" width="1024" height="1024">
  </image>
  <image id="285" name="r0008_c0013.png" width="1024" height="1024">
  </image>
  <image id="286" name="r0008_c0014.png" width="1024" height="1024">
  </image>
  <image id="287" name="r0008_c0015.png" width="1024" height="1024">
  </image>
  <image id="288" name="r0008_c0016.png" width="1024" height="1024">
  </image>
  <image id="289" name="r0008_c0017.png" width="1024" height="1024">
  </image>
  <image id="290" name="r0008_c0018.png" width="1024" height="1024">
  </image>
  <image id="291" name="r0008_c0019.png" width="1024" height="1024">
  </image>
  <image id="292" name="r0008_c0020.png" width="1024" height="1024">
  </image>
  <image id="293" name="r0008_c0021.png" width="1024" height="1024">
  </image>
  <image id="294" name="r0008_c0022.png" width="1024" height="1024">
  </image>
  <image id="295" name="r0008_c0023.png" width="1024" height="1024">
  </image>
  <image id="296" name="r0008_c0024.png" width="1024" height="1024">
  </image>
  <image id="297" name="r0008_c0025.png" width="1024" height="1024">
  </image>
  <image id="298" name="r0008_c0026.png" width="1024" height="1024">
  </image>
  <image id="299" name="r0008_c0027.png" width="1024" height="1024">
  </image>
</annotations>
